Asignado;columns;TipoVariable;Tratamiento;count;unique;top;freq;mean;std;min;25%;50%;75%;max
Esther;ProductName;object;variable con poca variabilidad (99% en un único valor con el target distribuido en un 50%). BORRAR?;500.000;3;win8defender;494.604;;;;;;;
Esther;EngineVersion;object;variable con poca variabilidad (el 84% en dos valores). El TARGET varía entre estos dos valores ya que en uno hay más '0' y en el otro más '1'. Quizá agruparía el resto de valores distintos a estos dos.;500.000;53;1.1.15200.1;216.491;;;;;;;
Esther;AppVersion;object;58% en un único valor. En general el target distribuido entorno al 50% en los 5 primeros valores... y en los siguientes ya encontramos algún valor con mayor variabilidad;500.000;95;4.18.1807.18075;288.809;;;;;;;
Esther;AvSigVersion;object;variable con 6.455 valores únicos, candidata ser agrupada. Observamos que en los dos valores con más distribución se observa una diferencia en el target y esta diferencia es mayor en el resto de valores.;500.000;6.455;1.273.1420.0;5.771;;;;;;;
Esther;IsBeta;num/boolean;;500.000;;;;2,00E-06;0.0014142135623730952;0;0;0;0;1
Esther;RtpStateBitfield;num/categorica;;498.168;;;;68.462.065.006.182.600;10.230.489.551.371.300;0;7;7;7;35
Esther;IsSxsPassiveMode;num/boolean;;500.000;;;;0.017242;0.13017199132491844;0;0;0;0;1
Esther;DefaultBrowsersIdentifier;num/categorica;;24.061;;;;16.528.245.293.213.000;10.047.542.764.651.100;1;788;1.632,00;2.381,00;3.209,00
Esther;AVProductStatesIdentifier;num/categorica;;498.062;;;;4.785.090.841.300.880;1.402.308.534.631.270;3;49.480,00;53.447,00;53.447,00;70.492,00
Esther;AVProductsInstalled;num;;498.062;;;;13.267.625.315.723.700;0.5229998545845467;1;1;1;2;5
Esther;AVProductsEnabled;num;;498.062;;;;1.020.714.288.582.540;0.16660800634034914;0;1;1;1;4
Esther;HasTpm;num/boolean;;500.000;;;;0.987816;0.10970676467359902;0;1;1;1;1
Esther;CountryIdentifier;num/categorica;;500.000;;;;108.037.454;63.068.539.910.793.300;1;51;97;162;222
Esther;CityIdentifier;num/categorica;;481.760;;;;8.127.164.602.706.740;4.898.512.967.712.910;7;36.825,00;82.373,00;123.939,50;167.958,00
Esther;OrganizationIdentifier;num/categorica;;345.437;;;;24.869.935.762.526.800;561.371.233.749.456;1;18;27;27;52
Esther;GeoNameIdentifier;num/categorica;;499.984;;;;16.973.042.337.354.700;893.251.724.672.659;1;89;181;267;296
Esther;LocaleEnglishNameIdentifier;num/categorica;;500.000;;;;122.610.998;6.930.316.524.734.940;1;74;88;182;283
Esther;Platform;object;;500.000;4;windows10;483.048;;;;;;;
Esther;Processor;object;;500.000;3;x64;454.423;;;;;;;
Esther;OsVer;object;;500.000;21;10.0.0.0;483.830;;;;;;;
Esther;OsBuild;num/categorica;;500.000;;;;15.726.933.842;2.188.646.068.922.140;7.600,00;15.063,00;16.299,00;17.134,00;18.242,00
Jorge;OsSuite;num/categorica;;500.000;;;;574.718.574;2.482.033.461.160.590;16;256;768;768;784
Jorge;OsPlatformSubRelease;object;;500.000;9;rs4;220.779;;;;;;;
Jorge;OsBuildLab;object;;499.999;453;17134.1.amd64fre.rs4_release.180410-1804;206.436;;;;;;;
Jorge;SkuEdition;object;;500.000;8;Home;308.567;;;;;;;
Jorge;IsProtected;num/boolean;;498.074;;;;0.9457891799210559;0.226433456021985;0;1;1;1;1
Jorge;AutoSampleOptIn;num/boolean;;500.000;;;;2.8e-05;0.005291433832010371;0;0;0;0;1
Jorge;PuaMode;object;borrar;126;1;on;126;;;;;;;
Jorge;SMode;num/boolean;;470.152;;;;0.0004381561707703041;0.02092761623978566;0;0;0;0;1
Jorge;IeVerIdentifier;num/categorica;;496.791;;;;12.666.256.635.083.900;42.634.891.785.480.600;8;111;135;137;429
Jorge;SmartScreen;object;;321.404;12;RequireAdmin;241.594;;;;;;;
Jorge;Firewall;num/boolean;;494.838;;;;0.9782413638402871;0.14589462267933773;0;1;1;1;1
Jorge;UacLuaenable;num/categorica;;499.377;;;;13.725.029.386.615.700;8.995.848.053.776.320;0;1;1;1;6.357.062,00
Jorge;Census_MDC2FormFactor;object;;500.000;12;Notebook;320.948;;;;;;;
Jorge;Census_DeviceFamily;object;;500.000;3;Windows.Desktop;499.183;;;;;;;
Jorge;Census_OEMNameIdentifier;num/categorica;;494.619;;;;2.218.646.481.433.180;13.157.096.038.465.500;54;1.443,00;2.102,00;2.668,00;6.143,00
Jorge;Census_OEMModelIdentifier;num/categorica;;494.236;;;;239.128.046.882.461;7.204.888.357.697.540;1;189.641,80;247.520,00;304.438,00;345.493,00
Jorge;Census_ProcessorCoreCount;num/categorica;;497.653;;;;3.994.074.184.220.730;20.712.812.112.891.400;1;2;4;4;88
Jorge;Census_ProcessorManufacturerIdentifier;num/categorica;;497.653;;;;4.529.069.452.007.720;12.896.354.644.522.800;1;5;5;5;10
Jorge;Census_ProcessorModelIdentifier;num/categorica;;497.651;;;;2.370.986.508.617.480;8.421.366.753.160.830;3;1.998,00;2.500,00;2.877,00;4.472,00
Jorge;Census_ProcessorClass;object;;2.082;3;mid;1.196;;;;;;;
Pedro;Census_PrimaryDiskTotalCapacity;num;;497.024;;;;5.140.433.159.123.100;3.704.468.158.973.670;10.240,00;239.372,00;476.940,00;953.869,00;47.687.668,00
Pedro;Census_PrimaryDiskTypeName;object;;499.291;4;HDD;325.429;;;;;;;
Pedro;Census_SystemVolumeTotalCapacity;num;;497.024;;;;3.780.546.392.970.960;33.847.221.873.013.800;9.689,00;120.775,00;249.450,00;475.981,00;47.687.100,00
Pedro;Census_HasOpticalDiskDrive;num/boolean;;500.000;;;;0.077034;0.26664565446264094;0;0;0;0;1
Pedro;Census_TotalPhysicalRAM;num;;495.444;;;;612.923.217.558.392;4.964.521.253.116.000;512;4.096,00;4.096,00;8.192,00;393.216,00
Pedro;Census_ChassisTypeName;object;;499.963;34;Notebook;294.232;;;;;;;
Pedro;Census_InternalPrimaryDiagonalDisplaySizeInInches;num;;497.346;;;;16.689.836.854.021.100;5.932.014.254.040.480;4,9;13,9;15,5;17,2;142
Pedro;Census_InternalPrimaryDisplayResolutionHorizontal;num;;497.350;;;;1.548.304.316.879.460;36.856.594.542.257.800;-1;1.366,00;1.366,00;1.920,00;11.520,00
Pedro;Census_InternalPrimaryDisplayResolutionVertical;num;;497.350;;;;8.982.393.445.259.870;21.486.245.039.626.200;-1;768;768;1.080,00;4.320,00
Pedro;Census_PowerPlatformRoleName;object;;499.998;9;Mobile;346.378;;;;;;;
Pedro;Census_InternalBatteryType;object;;144.397;28;lion;113.500;;;;;;;
Pedro;Census_InternalBatteryNumberOfCharges;num;;484.962;;;;11.256.001.502.055.300;18.887.684.557.803.600;0;0;0;4.294.967.295,00;4.294.967.295,00
Pedro;Census_OSVersion;object;;500.000;305;10.0.17134.228;79.975;;;;;;;
Pedro;Census_OSArchitecture;object;;500.000;3;amd64;454.435;;;;;;;
Pedro;Census_OSBranch;object;;500.000;15;rs4_release;226.001;;;;;;;
Pedro;Census_OSBuildNumber;num/categorica;;500.000;;;;15.841.372.572;1.959.440.300.998.900;9.600,00;15.063,00;16.299,00;17.134,00;18.242,00
Pedro;Census_OSBuildRevision;num/categorica;;500.000;;;;967.224.762;2.920.627.723.941.660;0;165;285;547;19.069,00
Pedro;Census_OSEdition;object;;500.000;22;Core;194.469;;;;;;;
Pedro;Census_OSSkuName;object;;500.000;21;CORE;194.464;;;;;;;
Pedro;Census_OSInstallTypeName;object;;500.000;9;UUPUpgrade;146.780;;;;;;;
Toni;Census_OSInstallLanguageIdentifier;num/categorica;;496.668;;;;14.605.509.112.727.200;1.020.094.600.030.170;1;8;9;20;39
Toni;Census_OSUILocaleIdentifier;num/categorica;;500.000;;;;60.446.306;4.500.042.340.945.890;1;31;34;90;162
Toni;Census_OSWUAutoUpdateOptionsName;object;;500.000;6;FullAuto;222.482;;;;;;;
Toni;Census_IsPortableOperatingSystem;num/boolean;;500.000;;;;0.000522;0.022841378230245193;0;0;0;0;1
Toni;Census_GenuineStateName;object;;500.000;4;IS_GENUINE;441.402;;;;;;;
Toni;Census_ActivationChannel;object;;500.000;6;Retail;264.932;;;;;;;
Toni;Census_IsFlightingInternal;num/boolean;;84.775;;;;2,36E+11;0.004857116687582286;0;0;0;0;1
Toni;Census_IsFlightsDisabled;num/boolean;;491.067;;;;1,43E+11;0.0037755131886490984;0;0;0;0;1
Toni;Census_FlightRing;object;;500.000;8;Retail;468.299;;;;;;;
Toni;Census_ThresholdOptIn;num/boolean;;181.896;;;;0.00025838940933280553;0.016072462923288077;0;0;0;0;1
Toni;Census_FirmwareManufacturerIdentifier;num/categorica;;489.651;;;;40.267.594.266.120.100;22.152.712.427.360.700;11;142;500;556;1.084,00
Toni;Census_FirmwareVersionIdentifier;num/categorica;;490.939;;;;33.030.988.943.636.500;21.220.161.427.827.700;10;13.156,00;33.070,00;52.436,00;72.091,00
Toni;Census_IsSecureBootEnabled;num/boolean;;500.000;;;;0.485438;0.4997884029595878;0;0;0;1;1
Toni;Census_IsWIMBootEnabled;num/boolean;;182.334;;;;0.0;0.0;0;0;0;0;0
Toni;Census_IsVirtualDevice;num/boolean;;499.099;;;;0.00706673425512774;0.08376639887836018;0;0;0;0;1
Toni;Census_IsTouchEnabled;num/boolean;;500.000;;;;0.125434;0.3312107049071061;0;0;0;0;1
Toni;Census_IsPenCapable;num/boolean;;500.000;;;;0.037744;0.19057665938652138;0;0;0;0;1
Toni;Census_IsAlwaysOnAlwaysConnectedCapable;num/boolean;;495.960;;;;0.057244535849665296;0.23230950858641045;0;0;0;0;1
Toni;Wdft_IsGamer;num/boolean;;483.050;;;;0.2840596211572301;0.4509658233147146;0;0;0;1;1
Toni;Wdft_RegionIdentifier;num/categorica;;483.050;;;;7.888.576.751.889.030;4.551.763.623.679.090;1;3;10;11;15
;HasDetections;TARGET;;500.000;;;;0.499906;0.5000004911647412;0;0;0;1;1
;;;;;;;;;;;;;;
;;;;;;;;;;;;;;
;categorica-boolean;;;;;;;;;;;;;
;categorica;;habrá que crear la variable categórica con astype(object) en el DataPreparation;;;;;;;;;;;
;;;;;;;;;;;;;;
;num;9;;;;;;;;;;;;
;num/boolean;19;;;;;;;;;;;;
;num/categorica;24;;;;;;;;;;;;
;object;29;;;;;;;;;;;;
